,sequence_type,seq_size,m_freq_peak_idxs,nc_freq_peak_idxs,dft_model_scores,protein_model_score,cossic_model_score
0,Gorilla_gorilla,512,"[0, 1]","[1, 2, 3, 4, 5, 6, 7, 83, 102, 127, 145, 166, 169, 170, 173, 203, 205, 249, 250, 254, 255, 256, 291, 306, 319, 338, 339, 341, 342, 363, 383, 407, 409, 437, 500, 501, 508, 509, 510, 511]","[0.93665158 0.93665158 0.9321267  0.91402715 0.93665158 0.94117647
 0.92760181 0.9321267  0.94570136 0.9321267 ]","[0.95022624 0.9321267  0.94117647 0.94117647 0.94117647 0.95475113
 0.92307692 0.9321267  0.95475113 0.9321267 ]","[0.9321267  0.9321267  0.94117647 0.90950226 0.94117647 0.94117647
 0.93665158 0.93665158 0.9321267  0.94117647]"
1,Macaca_mulatta,512,[511],"[1, 2, 3, 4, 5, 6, 102, 127, 145, 166, 169, 170, 173, 203, 205, 250, 254, 255, 256, 260, 306, 338, 339, 341, 342, 363, 380, 383, 407, 409, 437, 498, 500, 501, 508, 509, 510, 511]","[0.92592593 0.9537037  0.96759259 0.97222222 0.98148148 0.96759259
 0.94907407 0.94444444 0.97685185 0.96296296]","[0.95833333 0.95833333 0.95833333 0.97222222 0.96759259 0.9537037
 0.93981481 0.94907407 0.96296296 0.96759259]","[0.94444444 0.95833333 0.94444444 0.9537037  0.96296296 0.95833333
 0.93518519 0.93055556 0.93981481 0.96759259]"
