,sequence_type,m_freq_peak_idxs,nc_freq_peak_idxs,dft_model_scores,protein_model_score,cossic_model_score
0,Sequence mean length,[0],[5],"[0.99241366 0.9946097  0.99351168 0.99351168 0.99211419 0.99271312
 0.99281294 0.99181473 0.99321222 0.99331204]","[0.99500898 0.99620683 0.99560791 0.99480934 0.99431024 0.99620683
 0.99441006 0.99560791 0.99550809 0.99480934]","[0.98842084 0.98802156 0.98712318 0.99021761 0.98782192 0.9877221
 0.99011779 0.98951887 0.98971851 0.98782192]"
1,Sequence min length,[0],[5],"[0.98592533 0.98522659 0.98472749 0.98612498 0.98392893 0.98362947
 0.98452785 0.98422839 0.98562587 0.98552605]","[0.9882212  0.98662408 0.98762228 0.98812138 0.98782192 0.99021761
 0.98852066 0.98842084 0.98941905 0.98632462]","[0.98752246 0.98901976 0.98842084 0.9882212  0.98742264 0.98951887
 0.98951887 0.98882012 0.98782192 0.98941905]"
