,sequence_type,m_freq_peak_idxs,nc_freq_peak_idxs,dft_model_scores,protein_model_score,cossic_model_score
0,Sequence mean length,[0],[5],"[0.73559723 0.7292617  0.73323196 0.74091907 0.73694881 0.72495354
 0.73179591 0.73230275 0.73525933 0.73044433]","[0.73188039 0.73576618 0.72740328 0.73644197 0.73830039 0.73973644
 0.72993749 0.73221828 0.73196486 0.73585065]","[0.83814834 0.83443149 0.83789491 0.83392465 0.84093597 0.83485386
 0.83705018 0.83451597 0.83755702 0.83705018]"
1,Sequence min length,[0],[5],"[0.72326406 0.72343301 0.72875486 0.72233485 0.72258828 0.71599932
 0.7189559  0.72301064 0.7192938  0.72816354]","[0.74303092 0.73897618 0.74362223 0.74691671 0.73770907 0.74176381
 0.74379118 0.74151039 0.74125697 0.73179591]","[0.83400912 0.83502281 0.83510728 0.83747255 0.84026018 0.83620544
 0.83299544 0.83189728 0.83451597 0.83595202]"
