,sequence_type,m_freq_peak_idxs,nc_freq_peak_idxs,dft_model_scores,protein_model_score,cossic_model_score
0,Sequence mean length,"[0, 1, 2, 3, 4, 5, 6, 7, 8, 9, 10, 11, 12, 13, 14, 15, 16, 17, 18, 19, 20, 21, 22, 23, 24, 25, 26, 27, 28, 29, 30, 31, 32, 33, 34, 35, 36, 37]","[0, 1, 2, 3, 4, 5, 6, 7, 8, 9, 10, 11, 12, 13, 14, 15, 16, 17, 18, 19, 20, 21, 22, 23, 24, 25, 26, 27, 28, 29, 30, 31]","[0.47099768 0.48491879 0.42227378 0.46403712 0.48491879 0.49651972
 0.49419954 0.46635731 0.51044084 0.45475638]","[0.46171694 0.44547564 0.4361949  0.49651972 0.49651972 0.50580046
 0.46403712 0.48723898 0.43851508 0.45243619]","[0.40603248 0.38051044 0.42459397 0.38515081 0.37587007 0.38979118
 0.40835267 0.38283063 0.38283063 0.42227378]"
1,Sequence min length,"[0, 1, 2, 3, 4, 5, 6, 7, 8, 9, 10, 11, 12, 13, 14, 15, 16, 17, 18, 19, 20, 21, 22, 23, 24, 25, 26, 27, 28, 29]","[0, 1, 2, 3, 4, 5, 6, 7, 8, 9, 10, 11, 12, 13, 14, 15, 16, 17, 18, 19, 20, 21, 22, 23, 24, 25, 26, 27, 28, 29]","[0.45011601 0.48259861 0.43387471 0.46171694 0.46867749 0.46867749
 0.4361949  0.45475638 0.42691415 0.46171694]","[0.41531323 0.36194896 0.38979118 0.39443155 0.37819026 0.40835267
 0.39443155 0.37819026 0.39443155 0.42227378]","[0.43387471 0.37354988 0.37819026 0.40835267 0.38283063 0.38515081
 0.387471   0.38283063 0.39211137 0.40603248]"
