,sequence_type,seq_size,m_freq_peak_idxs,nc_freq_peak_idxs,dft_model_scores,protein_model_score,cossic_model_score
0,Gorilla_gorilla,256,[0],"[1, 2, 127, 169, 254, 255]","[0.93665158 0.94117647 0.93665158 0.92760181 0.92307692 0.93665158
 0.91855204 0.94570136 0.92760181 0.94570136]","[0.95927602 0.92307692 0.93665158 0.93665158 0.93665158 0.93665158
 0.9321267  0.9638009  0.95475113 0.92760181]","[0.95022624 0.9321267  0.9321267  0.90950226 0.92760181 0.92760181
 0.90950226 0.93665158 0.92307692 0.91402715]"
1,Macaca_mulatta,256,[255],"[1, 2, 127, 169, 254, 255]","[0.9537037  0.96759259 0.95833333 0.96759259 0.95833333 0.97222222
 0.94444444 0.93981481 0.94907407 0.94907407]","[0.95833333 0.96759259 0.95833333 0.96759259 0.95833333 0.96296296
 0.97222222 0.9537037  0.94444444 0.95833333]","[0.93518519 0.95833333 0.93518519 0.93981481 0.9537037  0.94444444
 0.93055556 0.92592593 0.9537037  0.95833333]"
